from_location_id,to_location_id,distance_km,base_time_min,traffic_multiplier
DEPOT,LOC001,10.38,17.6,2.21
DEPOT,LOC002,13.98,23,2.34
DEPOT,LOC003,8.86,15.3,1.8
DEPOT,LOC004,9.06,15.6,1.48
DEPOT,LOC005,4.52,8.8,1.51
DEPOT,LOC006,9.85,16.8,1.68
DEPOT,LOC007,13.43,22.1,1.85
DEPOT,LOC008,18.23,29.3,1.29
DEPOT,LOC009,15.08,24.6,2.26
DEPOT,LOC010,10.3,17.5,1.05
DEPOT,LOC011,11.98,20,2.18
DEPOT,LOC012,8.8,15.2,2.08
DEPOT,LOC013,14.81,24.2,1.35
DEPOT,LOC014,13.35,22,1.77
DEPOT,LOC015,15.04,24.6,1.84
DEPOT,LOC016,9.12,15.7,1.58
DEPOT,LOC017,7.13,12.7,1.03
DEPOT,LOC018,17.68,28.5,1.42
DEPOT,LOC019,6.31,11.5,1.14
DEPOT,LOC020,7.77,13.7,1.18
DEPOT,LOC021,13.81,22.7,1.65
DEPOT,LOC022,7.77,13.7,2.02
DEPOT,LOC023,12.21,20.3,1.65
DEPOT,LOC024,4.9,9.4,2.17
DEPOT,LOC025,9.42,16.1,1.23
DEPOT,LOC026,13.04,21.6,1.65
DEPOT,LOC027,11.4,19.1,1.37
DEPOT,LOC028,12.19,20.3,2.36
DEPOT,LOC029,13.87,22.8,1.01
DEPOT,LOC030,6.12,11.2,1.25
DEPOT,LOC031,12.03,20,1.01
DEPOT,LOC032,4.83,9.2,2.44
DEPOT,LOC033,12.97,21.5,1.62
DEPOT,LOC034,17.13,27.7,1.98
DEPOT,LOC035,16.92,27.4,2.18
DEPOT,LOC036,15.12,24.7,1.49
DEPOT,LOC037,16.5,26.8,1.52
DEPOT,LOC038,6.98,12.5,2.46
DEPOT,LOC039,5.74,10.6,2.28
DEPOT,LOC040,14.85,24.3,1.33
LOC001,DEPOT,10.38,17.6,1.63
LOC001,LOC002,24.34,38.5,1.64
LOC001,LOC003,5.26,9.9,1.69
LOC001,LOC004,19.29,30.9,1.31
LOC001,LOC005,8.14,14.2,2.07
LOC001,LOC006,19.83,31.7,2.31
LOC001,LOC007,8.58,14.9,1.55
LOC001,LOC008,14.32,23.5,2.33
LOC001,LOC009,14.16,23.2,2.21
LOC001,LOC010,9.1,15.7,1.46
LOC001,LOC011,14.67,24,2
LOC001,LOC012,6.68,12,1.66
LOC001,LOC013,4.56,8.8,2.01
LOC001,LOC014,21.21,33.8,2.37
LOC001,LOC015,8.09,14.1,1.27
LOC001,LOC016,15.63,25.4,1.6
LOC001,LOC017,12.71,21.1,1.29
LOC001,LOC018,12.08,20.1,1.96
LOC001,LOC019,4.08,8.1,1.01
LOC001,LOC020,2.63,5.9,2.21
LOC001,LOC021,14.25,23.4,1.53
LOC001,LOC022,10.33,17.5,1.45
LOC001,LOC023,20.67,33,1.45
LOC001,LOC024,12.68,21,1.09
LOC001,LOC025,9.85,16.8,2.07
LOC001,LOC026,23.42,37.1,2.21
LOC001,LOC027,12.22,20.3,2.48
LOC001,LOC028,9.48,16.2,1.56
LOC001,LOC029,24.14,38.2,1.89
LOC001,LOC030,16.39,26.6,1.58
LOC001,LOC031,7.19,12.8,1.18
LOC001,LOC032,10.93,18.4,2.4
LOC001,LOC033,17.63,28.4,1.54
LOC001,LOC034,26.11,41.2,1.32
LOC001,LOC035,11.84,19.8,1.72
LOC001,LOC036,21.97,35,1
LOC001,LOC037,25.37,40.1,2.08
LOC001,LOC038,14.31,23.5,2.19
LOC001,LOC039,5.75,10.6,2.13
LOC001,LOC040,24.34,38.5,1.5
LOC002,DEPOT,13.98,23,1.06
LOC002,LOC001,24.34,38.5,2.07
LOC002,LOC003,22.29,35.4,1.09
LOC002,LOC004,6.12,11.2,1.02
LOC002,LOC005,17.51,28.3,2.25
LOC002,LOC006,6.96,12.4,1.47
LOC002,LOC007,26.13,41.2,1.98
LOC002,LOC008,28.48,44.7,1.13
LOC002,LOC009,23.94,37.9,1.22
LOC002,LOC010,21.43,34.1,2.04
LOC002,LOC011,19.01,30.5,2.24
LOC002,LOC012,21.78,34.7,2.22
LOC002,LOC013,28.69,45,1.58
LOC002,LOC014,11.4,19.1,1.54
LOC002,LOC015,28.28,44.4,2.17
LOC002,LOC016,15.05,24.6,2.16
LOC002,LOC017,16.07,26.1,1.14
LOC002,LOC018,29.16,45.7,1.17
LOC002,LOC019,20.27,32.4,2.08
LOC002,LOC020,21.75,34.6,1.64
LOC002,LOC021,22.02,35,2
LOC002,LOC022,18.82,30.2,2.33
LOC002,LOC023,9.77,16.7,2.12
LOC002,LOC024,13.83,22.7,2.2
LOC002,LOC025,20.88,33.3,1.1
LOC002,LOC026,1.18,3.8,1.38
LOC002,LOC027,21.63,34.4,1.52
LOC002,LOC028,23.38,37.1,1.91
LOC002,LOC029,1.58,4.4,1.61
LOC002,LOC030,8.39,14.6,1.92
LOC002,LOC031,25.02,39.5,1.03
LOC002,LOC032,14.96,24.4,1.82
LOC002,LOC033,16.97,27.5,1.41
LOC002,LOC034,9.41,16.1,1.58
LOC002,LOC035,28.22,44.3,1.76
LOC002,LOC036,14.05,23.1,1.66
LOC002,LOC037,9.49,16.2,1.48
LOC002,LOC038,13.93,22.9,1.56
LOC002,LOC039,19.46,31.2,1.47
LOC002,LOC040,8.86,15.3,1.76
LOC003,DEPOT,8.86,15.3,1.81
LOC003,LOC001,5.26,9.9,1.47
LOC003,LOC002,22.29,35.4,1.81
LOC003,LOC004,16.58,26.9,1.48
LOC003,LOC005,4.78,9.2,2.34
LOC003,LOC006,16.72,27.1,1.06
LOC003,LOC007,4.9,9.4,1.38
LOC003,LOC008,19.13,30.7,2.2
LOC003,LOC009,18.13,29.2,1.57
LOC003,LOC010,12.7,21.1,1.35
LOC003,LOC011,17.37,28.1,1.4
LOC003,LOC012,1.43,4.1,2.01
LOC003,LOC013,9.17,15.8,1.1
LOC003,LOC014,21.77,34.7,2.21
LOC003,LOC015,6.19,11.3,2.12
LOC003,LOC016,11.07,18.6,1.52
LOC003,LOC017,8.21,14.3,2.35
LOC003,LOC018,17.16,27.7,1.7
LOC003,LOC019,4.84,9.3,2.24
LOC003,LOC020,4.17,8.3,1.02
LOC003,LOC021,17.77,28.7,2.15
LOC003,LOC022,5.4,10.1,2.13
LOC003,LOC023,20.83,33.2,2.47
LOC003,LOC024,9.04,15.6,1.23
LOC003,LOC025,4.61,8.9,1.91
LOC003,LOC026,21.23,33.8,1.14
LOC003,LOC027,6.97,12.5,1.24
LOC003,LOC028,13.67,22.5,1.52
LOC003,LOC029,22.42,35.6,1.58
LOC003,LOC030,13.92,22.9,1.27
LOC003,LOC031,3.36,7,1.83
LOC003,LOC032,11.67,19.5,1.62
LOC003,LOC033,19.69,31.5,2.21
LOC003,LOC034,25.93,40.9,1.01
LOC003,LOC035,16.82,27.2,1.33
LOC003,LOC036,23.12,36.7,2.22
LOC003,LOC037,25.28,39.9,1.08
LOC003,LOC038,10.18,17.3,2.02
LOC003,LOC039,3.17,6.8,1.27
LOC003,LOC040,20.61,32.9,1.17
LOC004,DEPOT,9.06,15.6,1.79
LOC004,LOC001,19.29,30.9,1.12
LOC004,LOC002,6.12,11.2,2.2
LOC004,LOC003,16.58,26.9,1.73
LOC004,LOC005,11.83,19.7,1.74
LOC004,LOC006,1.68,4.5,1.45
LOC004,LOC007,20.15,32.2,1.29
LOC004,LOC008,26,41,2.44
LOC004,LOC009,21.98,35,1.21
LOC004,LOC010,18.3,29.5,1.6
LOC004,LOC011,17.56,28.3,1
LOC004,LOC012,15.93,25.9,1.84
LOC004,LOC013,23.8,37.7,2.48
LOC004,LOC014,13,21.5,1.93
LOC004,LOC015,22.4,35.6,2.07
LOC004,LOC016,9.04,15.6,2.08
LOC004,LOC017,9.95,16.9,2.18
LOC004,LOC018,26.05,41.1,1.97
LOC004,LOC019,15.28,24.9,1.36
LOC004,LOC020,16.66,27,1.66
LOC004,LOC021,20.26,32.4,1.14
LOC004,LOC022,12.76,21.1,1.95
LOC004,LOC023,11.24,18.9,1.38
LOC004,LOC024,7.8,13.7,2.36
LOC004,LOC025,14.81,24.2,2.47
LOC004,LOC026,4.96,9.4,1.5
LOC004,LOC027,15.51,25.3,1.68
LOC004,LOC028,20.29,32.4,1.67
LOC004,LOC029,6.84,12.3,2.08
LOC004,LOC030,2.94,6.4,1.87
LOC004,LOC031,19.11,30.7,1.75
LOC004,LOC032,11.67,19.5,1.71
LOC004,LOC033,16.64,27,1.95
LOC004,LOC034,13.56,22.3,1.7
LOC004,LOC035,25.18,39.8,2.06
LOC004,LOC036,15.66,25.5,1.84
LOC004,LOC037,13.31,22,1.63
LOC004,LOC038,7.81,13.7,1.97
LOC004,LOC039,13.98,23,2.03
LOC004,LOC040,6.74,12.1,1.82
LOC005,DEPOT,4.52,8.8,1.93
LOC005,LOC001,8.14,14.2,1.43
LOC005,LOC002,17.51,28.3,2.12
LOC005,LOC003,4.78,9.2,1.19
LOC005,LOC004,11.83,19.7,2.26
LOC005,LOC006,12.06,20.1,2.46
LOC005,LOC007,8.99,15.5,1.49
LOC005,LOC008,19.55,31.3,1.27
LOC005,LOC009,17.37,28.1,2.17
LOC005,LOC010,12.01,20,1.17
LOC005,LOC011,15.31,25,1.84
LOC005,LOC012,4.39,8.6,1.3
LOC005,LOC013,12.67,21,2.3
LOC005,LOC014,17.86,28.8,1.65
LOC005,LOC015,10.83,18.2,2.01
LOC005,LOC016,7.71,13.6,1.86
LOC005,LOC017,4.86,9.3,1.91
LOC005,LOC018,18.28,29.4,1.57
LOC005,LOC019,4.88,9.3,1.29
LOC005,LOC020,5.69,10.5,1.86
LOC005,LOC021,16.5,26.8,1.44
LOC005,LOC022,3.78,7.7,2.45
LOC005,LOC023,16.73,27.1,1.56
LOC005,LOC024,4.57,8.9,1.98
LOC005,LOC025,5.04,9.6,2
LOC005,LOC026,16.45,26.7,1.33
LOC005,LOC027,7.29,12.9,1.76
LOC005,LOC028,13.55,22.3,1.88
LOC005,LOC029,17.66,28.5,1.04
LOC005,LOC030,9.14,15.7,2.27
LOC005,LOC031,7.67,13.5,2.02
LOC005,LOC032,8.55,14.8,1.84
LOC005,LOC033,16.91,27.4,1.18
LOC005,LOC034,21.59,34.4,1.87
LOC005,LOC035,17.7,28.6,1.18
LOC005,LOC036,19.55,31.3,2.24
LOC005,LOC037,20.98,33.5,1.03
LOC005,LOC038,6.18,11.3,2.35
LOC005,LOC039,2.4,5.6,2.15
LOC005,LOC040,16.27,26.4,1.56
LOC006,DEPOT,9.85,16.8,1.33
LOC006,LOC001,19.83,31.7,1.61
LOC006,LOC002,6.96,12.4,2.15
LOC006,LOC003,16.72,27.1,2.12
LOC006,LOC004,1.68,4.5,2.38
LOC006,LOC005,12.06,20.1,2.34
LOC006,LOC007,19.96,31.9,1.83
LOC006,LOC008,27.29,42.9,1.24
LOC006,LOC009,23.39,37.1,1.81
LOC006,LOC010,19.51,31.3,2.46
LOC006,LOC011,19.07,30.6,2.36
LOC006,LOC012,15.94,25.9,1.49
LOC006,LOC013,24.37,38.6,1.35
LOC006,LOC014,14.68,24,2.33
LOC006,LOC015,22.33,35.5,1.9
LOC006,LOC016,8.14,14.2,1.51
LOC006,LOC017,9.51,16.3,1.72
LOC006,LOC018,27.2,42.8,2.43
LOC006,LOC019,15.89,25.8,1.14
LOC006,LOC020,17.21,27.8,1.54
LOC006,LOC021,21.71,34.6,1.23
LOC006,LOC022,12.48,20.7,2.33
LOC006,LOC023,12.91,21.4,1.96
LOC006,LOC024,7.72,13.6,1.82
LOC006,LOC025,14.5,23.8,1.84
LOC006,LOC026,5.79,10.7,1.28
LOC006,LOC027,14.93,24.4,2.36
LOC006,LOC028,21.49,34.2,1.87
LOC006,LOC029,7.94,13.9,2.09
LOC006,LOC030,3.95,7.9,1.07
LOC006,LOC031,19.03,30.5,2.16
LOC006,LOC032,12.94,21.4,1.03
LOC006,LOC033,18.27,29.4,1.9
LOC006,LOC034,15.04,24.6,2.3
LOC006,LOC035,26.36,41.5,1.17
LOC006,LOC036,17.34,28,2.15
LOC006,LOC037,14.83,24.2,1.22
LOC006,LOC038,7.27,12.9,2.49
LOC006,LOC039,14.33,23.5,1.35
LOC006,LOC040,5.28,9.9,1.84
LOC007,DEPOT,13.43,22.1,2.19
LOC007,LOC001,8.58,14.9,2.2
LOC007,LOC002,26.13,41.2,1.5
LOC007,LOC003,4.9,9.4,1.35
LOC007,LOC004,20.15,32.2,1.24
LOC007,LOC005,8.99,15.5,1.92
LOC007,LOC006,19.96,31.9,2.34
LOC007,LOC008,22.88,36.3,2.21
LOC007,LOC009,22.52,35.8,1.32
LOC007,LOC010,17.2,27.8,1.01
LOC007,LOC011,22.16,35.2,1.96
LOC007,LOC012,4.62,8.9,2
LOC007,LOC013,10.82,18.2,2.41
LOC007,LOC014,26.57,41.9,1.18
LOC007,LOC015,2.75,6.1,2.28
LOC007,LOC016,12.9,21.4,1.51
LOC007,LOC017,10.57,17.9,1.88
LOC007,LOC018,20.52,32.8,2.49
LOC007,LOC019,9.63,16.4,1.81
LOC007,LOC020,8.65,15,2.02
LOC007,LOC021,22.35,35.5,2.31
LOC007,LOC022,7.5,13.2,1.81
LOC007,LOC023,25.57,40.4,1.9
LOC007,LOC024,12.35,20.5,2.21
LOC007,LOC025,5.56,10.3,1.98
LOC007,LOC026,25.02,39.5,1.12
LOC007,LOC027,6.39,11.6,1.73
LOC007,LOC028,17.91,28.9,2.03
LOC007,LOC029,26.44,41.7,2.45
LOC007,LOC030,17.77,28.7,2.23
LOC007,LOC031,1.57,4.4,1.29
LOC007,LOC032,16.56,26.8,2.18
LOC007,LOC033,24.57,38.9,2.46
LOC007,LOC034,30.55,47.8,1.03
LOC007,LOC035,20.37,32.6,2.49
LOC007,LOC036,28,44,1.99
LOC007,LOC037,29.93,46.9,2.02
LOC007,LOC038,12.81,21.2,2.25
LOC007,LOC039,7.99,14,2.41
LOC007,LOC040,23.07,36.6,2.4
LOC008,DEPOT,18.23,29.3,1.76
LOC008,LOC001,14.32,23.5,1.9
LOC008,LOC002,28.48,44.7,1.07
LOC008,LOC003,19.13,30.7,1.15
LOC008,LOC004,26,41,1.86
LOC008,LOC005,19.55,31.3,2.41
LOC008,LOC006,27.29,42.9,2.41
LOC008,LOC007,22.88,36.3,1.41
LOC008,LOC009,4.88,9.3,1.43
LOC008,LOC010,7.92,13.9,1.45
LOC008,LOC011,9.88,16.8,1.35
LOC008,LOC012,20.42,32.6,2.44
LOC008,LOC013,13.43,22.1,1.27
LOC008,LOC014,19.52,31.3,2.07
LOC008,LOC015,22.03,35,1.25
LOC008,LOC016,26.9,42.4,1.98
LOC008,LOC017,24.28,38.4,1.05
LOC008,LOC018,3.18,6.8,1.16
LOC008,LOC019,14.98,24.5,2.26
LOC008,LOC020,15.03,24.5,1.7
LOC008,LOC021,6.85,12.3,2.24
LOC008,LOC022,23.04,36.6,1.29
LOC008,LOC023,20.23,32.3,2.44
LOC008,LOC024,22.85,36.3,1.53
LOC008,LOC025,23.33,37,1.45
LOC008,LOC026,28.05,44.1,1.56
LOC008,LOC027,25.84,40.8,2.39
LOC008,LOC028,6.08,11.1,1.57
LOC008,LOC029,27.51,43.3,1.93
LOC008,LOC030,23.35,37,1.74
LOC008,LOC031,21.5,34.2,1.04
LOC008,LOC032,14.34,23.5,1.59
LOC008,LOC033,13.08,21.6,1.78
LOC008,LOC034,25.12,39.7,1.92
LOC008,LOC035,2.73,6.1,2.35
LOC008,LOC036,18.4,29.6,2.17
LOC008,LOC037,24.31,38.5,2.28
LOC008,LOC038,24.93,39.4,1.57
LOC008,LOC039,17.83,28.7,1.06
LOC008,LOC040,32.55,50.8,1.14
LOC009,DEPOT,15.08,24.6,1.71
LOC009,LOC001,14.16,23.2,2.27
LOC009,LOC002,23.94,37.9,1.8
LOC009,LOC003,18.13,29.2,1.51
LOC009,LOC004,21.98,35,2.28
LOC009,LOC005,17.37,28.1,2.07
LOC009,LOC006,23.39,37.1,1.55
LOC009,LOC007,22.52,35.8,1.13
LOC009,LOC008,4.88,9.3,1.04
LOC009,LOC010,5.47,10.2,1.56
LOC009,LOC011,5.06,9.6,2.04
LOC009,LOC012,19.24,30.9,2.48
LOC009,LOC013,14.83,24.2,2.42
LOC009,LOC014,14.65,24,1.02
LOC009,LOC015,22.25,35.4,2.23
LOC009,LOC016,24.13,38.2,1.18
LOC009,LOC017,21.77,34.7,1.2
LOC009,LOC018,6.99,12.5,1.67
LOC009,LOC019,13.44,22.2,1.36
LOC009,LOC020,13.99,23,1.56
LOC009,LOC021,1.99,5,2.48
LOC009,LOC022,21.1,33.7,1.76
LOC009,LOC023,15.4,25.1,2.26
LOC009,LOC024,19.94,31.9,2.28
LOC009,LOC025,21.79,34.7,1.78
LOC009,LOC026,23.6,37.4,1.13
LOC009,LOC027,24.29,38.4,1.53
LOC009,LOC028,4.69,9,2.05
LOC009,LOC029,22.89,36.3,1.32
LOC009,LOC030,19.52,31.3,1.95
LOC009,LOC031,21.01,33.5,1.89
LOC009,LOC032,10.62,17.9,2.46
LOC009,LOC033,8.21,14.3,1.9
LOC009,LOC034,20.24,32.4,1.4
LOC009,LOC035,6.04,11.1,1.67
LOC009,LOC036,13.55,22.3,1.32
LOC009,LOC037,19.44,31.2,1.96
LOC009,LOC038,22.03,35,1.86
LOC009,LOC039,16.13,26.2,1.51
LOC009,LOC040,28.66,45,2.13
LOC010,DEPOT,10.3,17.5,2.23
LOC010,LOC001,9.1,15.7,1.02
LOC010,LOC002,21.43,34.1,1.75
LOC010,LOC003,12.7,21.1,2.15
LOC010,LOC004,18.3,29.5,1.21
LOC010,LOC005,12.01,20,1.14
LOC010,LOC006,19.51,31.3,1.23
LOC010,LOC007,17.2,27.8,2.3
LOC010,LOC008,7.92,13.9,1.07
LOC010,LOC009,5.47,10.2,2.18
LOC010,LOC011,5.89,10.8,1.53
LOC010,LOC012,13.77,22.7,1.71
LOC010,LOC013,10.86,18.3,2.3
LOC010,LOC014,14.44,23.7,2.22
LOC010,LOC015,17.15,27.7,1.49
LOC010,LOC016,19.09,30.6,1.95
LOC010,LOC017,16.58,26.9,2.08
LOC010,LOC018,7.79,13.7,1.08
LOC010,LOC019,7.97,14,1.17
LOC010,LOC020,8.58,14.9,1.3
LOC010,LOC021,5.17,9.8,1.86
LOC010,LOC022,15.69,25.5,2.04
LOC010,LOC023,14.56,23.8,1.35
LOC010,LOC024,14.98,24.5,1.08
LOC010,LOC025,16.33,26.5,1.35
LOC010,LOC026,20.86,33.3,1.56
LOC010,LOC027,18.83,30.2,1.4
LOC010,LOC028,1.99,5,1.79
LOC010,LOC029,20.66,33,2.01
LOC010,LOC030,15.55,25.3,2.18
LOC010,LOC031,15.66,25.5,2.31
LOC010,LOC032,6.66,12,1.06
LOC010,LOC033,9.28,15.9,1.28
LOC010,LOC034,19.97,32,1.79
LOC010,LOC035,6.89,12.3,1.07
LOC010,LOC036,14.36,23.5,2.31
LOC010,LOC037,19.17,30.8,1.05
LOC010,LOC038,17.07,27.6,2.42
LOC010,LOC039,10.66,18,1.74
LOC010,LOC040,24.74,39.1,1.62
LOC011,DEPOT,11.98,20,2
LOC011,LOC001,14.67,24,2.09
LOC011,LOC002,19.01,30.5,1.44
LOC011,LOC003,17.37,28.1,1.58
LOC011,LOC004,17.56,28.3,1.45
LOC011,LOC005,15.31,25,2.45
LOC011,LOC006,19.07,30.6,1.99
LOC011,LOC007,22.16,35.2,2.4
LOC011,LOC008,9.88,16.8,2.22
LOC011,LOC009,5.06,9.6,2.48
LOC011,LOC010,5.89,10.8,1.82
LOC011,LOC012,18.19,29.3,1.43
LOC011,LOC013,16.75,27.1,1.17
LOC011,LOC014,9.68,16.5,2.31
LOC011,LOC015,22.52,35.8,1.38
LOC011,LOC016,21.06,33.6,1.96
LOC011,LOC017,19.07,30.6,1.16
LOC011,LOC018,11.48,19.2,1.07
LOC011,LOC019,12.54,20.8,2.22
LOC011,LOC020,13.58,22.4,1.59
LOC011,LOC021,3.08,6.6,1.37
LOC011,LOC022,19.08,30.6,1.34
LOC011,LOC023,10.35,17.5,1.97
LOC011,LOC024,16.85,27.3,1.51
LOC011,LOC025,20.2,32.3,2.23
LOC011,LOC026,18.72,30.1,2.39
LOC011,LOC027,22.58,35.9,1.05
LOC011,LOC028,6.81,12.2,1.36
LOC011,LOC029,17.9,28.8,1.08
LOC011,LOC030,15.35,25,1.4
LOC011,LOC031,20.6,32.9,2.3
LOC011,LOC032,7.16,12.7,1.63
LOC011,LOC033,3.57,7.4,1.05
LOC011,LOC034,15.32,25,1.57
LOC011,LOC035,10.48,17.7,1.46
LOC011,LOC036,8.93,15.4,1.13
LOC011,LOC037,14.51,23.8,1.38
LOC011,LOC038,18.88,30.3,1.58
LOC011,LOC039,14.73,24.1,1.44
LOC011,LOC040,24.29,38.4,1.33
LOC012,DEPOT,8.8,15.2,1.27
LOC012,LOC001,6.68,12,2.16
LOC012,LOC002,21.78,34.7,1.84
LOC012,LOC003,1.43,4.1,2.18
LOC012,LOC004,15.93,25.9,2.35
LOC012,LOC005,4.39,8.6,1.44
LOC012,LOC006,15.94,25.9,2.24
LOC012,LOC007,4.62,8.9,2.24
LOC012,LOC008,20.42,32.6,1.91
LOC012,LOC009,19.24,30.9,1.62
LOC012,LOC010,13.77,22.7,2.19
LOC012,LOC011,18.19,29.3,1.82
LOC012,LOC013,10.57,17.9,1.65
LOC012,LOC014,21.99,35,2.37
LOC012,LOC015,6.5,11.8,1.96
LOC012,LOC016,9.85,16.8,1.28
LOC012,LOC017,7.07,12.6,1.12
LOC012,LOC018,18.52,29.8,1.43
LOC012,LOC019,5.81,10.7,1.44
LOC012,LOC020,5.4,10.1,1.8
LOC012,LOC021,18.77,30.2,2.21
LOC012,LOC022,4.12,8.2,1.68
LOC012,LOC023,20.96,33.4,2.09
LOC012,LOC024,8.22,14.3,1.05
LOC012,LOC025,3.18,6.8,1.7
LOC012,LOC026,20.69,33,2.26
LOC012,LOC027,5.55,10.3,2.27
LOC012,LOC028,14.86,24.3,1.55
LOC012,LOC029,22,35,2.43
LOC012,LOC030,13.39,22.1,2.44
LOC012,LOC031,3.28,6.9,1.8
LOC012,LOC032,12.13,20.2,1.61
LOC012,LOC033,20.32,32.5,2.29
LOC012,LOC034,25.92,40.9,1.22
LOC012,LOC035,18.16,29.2,1.34
LOC012,LOC036,23.49,37.2,2.12
LOC012,LOC037,25.3,40,1.16
LOC012,LOC038,9.14,15.7,2.2
LOC012,LOC039,3.54,7.3,2.16
LOC012,LOC040,19.6,31.4,2.17
LOC013,DEPOT,14.81,24.2,2.35
LOC013,LOC001,4.56,8.8,1.51
LOC013,LOC002,28.69,45,1.29
LOC013,LOC003,9.17,15.8,1.67
LOC013,LOC004,23.8,37.7,1.1
LOC013,LOC005,12.67,21,1.55
LOC013,LOC006,24.37,38.6,1.96
LOC013,LOC007,10.82,18.2,1.72
LOC013,LOC008,13.43,22.1,2.29
LOC013,LOC009,14.83,24.2,2.16
LOC013,LOC010,10.86,18.3,2.34
LOC013,LOC011,16.75,27.1,1.89
LOC013,LOC012,10.57,17.9,1.98
LOC013,LOC014,24.54,38.8,1.29
LOC013,LOC015,9.17,15.8,2.5
LOC013,LOC016,20.03,32,1.99
LOC013,LOC017,17.11,27.7,2.46
LOC013,LOC018,10.55,17.8,1.24
LOC013,LOC019,8.52,14.8,1.72
LOC013,LOC020,7.17,12.8,1.31
LOC013,LOC021,15.51,25.3,1.84
LOC013,LOC022,14.53,23.8,2.35
LOC013,LOC023,24.23,38.3,2.37
LOC013,LOC024,17.22,27.8,1.27
LOC013,LOC025,13.7,22.6,1.79
LOC013,LOC026,27.8,43.7,1.69
LOC013,LOC027,15.85,25.8,1.21
LOC013,LOC028,10.37,17.6,2.13
LOC013,LOC029,28.39,44.6,1.78
LOC013,LOC030,20.88,33.3,2.12
LOC013,LOC031,9.86,16.8,2.19
LOC013,LOC032,14.62,23.9,1.1
LOC013,LOC033,20.09,32.1,1.29
LOC013,LOC034,29.73,46.6,1.11
LOC013,LOC035,10.7,18.1,2.48
LOC013,LOC036,24.92,39.4,1.2
LOC013,LOC037,28.96,45.4,1.49
LOC013,LOC038,18.8,30.2,2.5
LOC013,LOC039,10.28,17.4,1.25
LOC013,LOC040,28.9,45.4,1.63
LOC014,DEPOT,13.35,22,1.29
LOC014,LOC001,21.21,33.8,1.35
LOC014,LOC002,11.4,19.1,1.98
LOC014,LOC003,21.77,34.7,1.24
LOC014,LOC004,13,21.5,1.83
LOC014,LOC005,17.86,28.8,1.76
LOC014,LOC006,14.68,24,1.5
LOC014,LOC007,26.57,41.9,2.04
LOC014,LOC008,19.52,31.3,2.32
LOC014,LOC009,14.65,24,1.08
LOC014,LOC010,14.44,23.7,1.34
LOC014,LOC011,9.68,16.5,1.1
LOC014,LOC012,21.99,35,2.31
LOC014,LOC013,24.54,38.8,1.82
LOC014,LOC015,27.82,43.7,1.13
LOC014,LOC016,20.24,32.4,1.66
LOC014,LOC017,19.5,31.2,1.71
LOC014,LOC018,21.13,33.7,1.52
LOC014,LOC019,17.71,28.6,2.2
LOC014,LOC020,19.18,30.8,1.93
LOC014,LOC021,12.67,21,2.34
LOC014,LOC022,20.98,33.5,2.47
LOC014,LOC023,1.78,4.7,2.43
LOC014,LOC024,16.78,27.2,2.1
LOC014,LOC025,22.74,36.1,1.88
LOC014,LOC026,11.62,19.4,1.69
LOC014,LOC027,24.57,38.9,1.01
LOC014,LOC028,15.97,26,1.68
LOC014,LOC029,9.94,16.9,1.64
LOC014,LOC030,12.36,20.5,1.62
LOC014,LOC031,25.09,39.6,1.71
LOC014,LOC032,10.34,17.5,1.34
LOC014,LOC033,6.54,11.8,1.37
LOC014,LOC034,5.64,10.5,2.25
LOC014,LOC035,20.12,32.2,2.48
LOC014,LOC036,2.72,6.1,2.37
LOC014,LOC037,4.83,9.2,1.48
LOC014,LOC038,18.22,29.3,1.21
LOC014,LOC039,18.6,29.9,1.12
LOC014,LOC040,19.06,30.6,1.97
LOC015,DEPOT,15.04,24.6,1.68
LOC015,LOC001,8.09,14.1,2.43
LOC015,LOC002,28.28,44.4,1.66
LOC015,LOC003,6.19,11.3,1.03
LOC015,LOC004,22.4,35.6,1.26
LOC015,LOC005,10.83,18.2,2.09
LOC015,LOC006,22.33,35.5,2.27
LOC015,LOC007,2.75,6.1,2.04
LOC015,LOC008,22.03,35,2.21
LOC015,LOC009,22.25,35.4,1.1
LOC015,LOC010,17.15,27.7,1.25
LOC015,LOC011,22.52,35.8,1.26
LOC015,LOC012,6.5,11.8,2.38
LOC015,LOC013,9.17,15.8,2.08
LOC015,LOC014,27.82,43.7,2.39
LOC015,LOC016,15.54,25.3,2.35
LOC015,LOC017,13.09,21.6,2.18
LOC015,LOC018,19.42,31.1,1.9
LOC015,LOC019,10.27,17.4,1.25
LOC015,LOC020,9,15.5,2.14
LOC015,LOC021,22.32,35.5,1.71
LOC015,LOC022,9.99,17,1.55
LOC015,LOC023,26.96,42.4,1.89
LOC015,LOC024,14.64,24,1.25
LOC015,LOC025,8.15,14.2,2.23
LOC015,LOC026,27.19,42.8,1.83
LOC015,LOC027,9.14,15.7,1.04
LOC015,LOC028,17.57,28.4,2.11
LOC015,LOC029,28.49,44.7,1.47
LOC015,LOC030,19.89,31.8,2.41
LOC015,LOC031,3.31,7,2.24
LOC015,LOC032,17.57,28.4,1.05
LOC015,LOC033,25.21,39.8,2.02
LOC015,LOC034,32.11,50.2,1.34
LOC015,LOC035,19.4,31.1,1.89
LOC015,LOC036,29.03,45.5,1.99
LOC015,LOC037,31.45,49.2,2.42
LOC015,LOC038,15.3,25,2.24
LOC015,LOC039,9.34,16,2.23
LOC015,LOC040,25.66,40.5,2.46
LOC016,DEPOT,9.12,15.7,1.28
LOC016,LOC001,15.63,25.4,1.56
LOC016,LOC002,15.05,24.6,1.93
LOC016,LOC003,11.07,18.6,1.42
LOC016,LOC004,9.04,15.6,2.22
LOC016,LOC005,7.71,13.6,1.12
LOC016,LOC006,8.14,14.2,2.06
LOC016,LOC007,12.9,21.4,2.09
LOC016,LOC008,26.9,42.4,1.96
LOC016,LOC009,24.13,38.2,2.48
LOC016,LOC010,19.09,30.6,1.34
LOC016,LOC011,21.06,33.6,1.69
LOC016,LOC012,9.85,16.8,2.45
LOC016,LOC013,20.03,32,1.17
LOC016,LOC014,20.24,32.4,2.09
LOC016,LOC015,15.54,25.3,1.78
LOC016,LOC017,2.93,6.4,1.11
LOC016,LOC018,25.87,40.8,2
LOC016,LOC019,12.59,20.9,2.12
LOC016,LOC020,13.35,22,1.49
LOC016,LOC021,22.92,36.4,1.67
LOC016,LOC022,5.75,10.6,1.97
LOC016,LOC023,18.66,30,1.17
LOC016,LOC024,4.22,8.3,2.37
LOC016,LOC025,7.39,13.1,1.22
LOC016,LOC026,13.88,22.8,2.44
LOC016,LOC027,7.07,12.6,2.37
LOC016,LOC028,20.82,33.2,1.31
LOC016,LOC029,15.88,25.8,1.94
LOC016,LOC030,8.06,14.1,1.72
LOC016,LOC031,12.35,20.5,1.08
LOC016,LOC032,13.91,22.9,1.22
LOC016,LOC033,21.63,34.4,2.46
LOC016,LOC034,22.16,35.2,1.42
LOC016,LOC035,25.24,39.9,1.13
LOC016,LOC036,22.57,35.9,2.43
LOC016,LOC037,21.78,34.7,1.89
LOC016,LOC038,2.19,5.3,1.69
LOC016,LOC039,9.99,17,1.11
LOC016,LOC040,10.21,17.3,1.92
LOC017,DEPOT,7.13,12.7,1.53
LOC017,LOC001,12.71,21.1,1.57
LOC017,LOC002,16.07,26.1,1.8
LOC017,LOC003,8.21,14.3,1.48
LOC017,LOC004,9.95,16.9,2.08
LOC017,LOC005,4.86,9.3,1.27
LOC017,LOC006,9.51,16.3,2.22
LOC017,LOC007,10.57,17.9,1.69
LOC017,LOC008,24.28,38.4,1.06
LOC017,LOC009,21.77,34.7,1.44
LOC017,LOC010,16.58,26.9,2.04
LOC017,LOC011,19.07,30.6,1.74
LOC017,LOC012,7.07,12.6,1.5
LOC017,LOC013,17.11,27.7,2.45
LOC017,LOC014,19.5,31.2,1.34
LOC017,LOC015,13.09,21.6,1.74
LOC017,LOC016,2.93,6.4,1.06
LOC017,LOC018,23.12,36.7,1.81
LOC017,LOC019,9.74,16.6,1.25
LOC017,LOC020,10.44,17.7,1.45
LOC017,LOC021,20.69,33,2.06
LOC017,LOC022,3.1,6.7,1.7
LOC017,LOC023,18.06,29.1,2.22
LOC017,LOC024,2.73,6.1,2.23
LOC017,LOC025,5.03,9.5,1.56
LOC017,LOC026,14.91,24.4,1.35
LOC017,LOC027,5.6,10.4,2.02
LOC017,LOC028,18.23,29.3,1.78
LOC017,LOC029,16.65,27,1.52
LOC017,LOC030,8.13,14.2,2.47
LOC017,LOC031,9.81,16.7,1.68
LOC017,LOC032,11.94,19.9,1.01
LOC017,LOC033,20.04,32.1,1.24
LOC017,LOC034,22.14,35.2,1.56
LOC017,LOC035,22.52,35.8,1.27
LOC017,LOC036,21.63,34.4,1.09
LOC017,LOC037,21.67,34.5,2.22
LOC017,LOC038,2.25,5.4,1.93
LOC017,LOC039,7.08,12.6,1.26
LOC017,LOC040,12.59,20.9,1.46
LOC018,DEPOT,17.68,28.5,1.62
LOC018,LOC001,12.08,20.1,2.06
LOC018,LOC002,29.16,45.7,2.27
LOC018,LOC003,17.16,27.7,1.21
LOC018,LOC004,26.05,41.1,1.1
LOC018,LOC005,18.28,29.4,1.9
LOC018,LOC006,27.2,42.8,1.86
LOC018,LOC007,20.52,32.8,1.97
LOC018,LOC008,3.18,6.8,1.45
LOC018,LOC009,6.99,12.5,1.41
LOC018,LOC010,7.79,13.7,2.15
LOC018,LOC011,11.48,19.2,1.27
LOC018,LOC012,18.52,29.8,1.42
LOC018,LOC013,10.55,17.8,1.16
LOC018,LOC014,21.13,33.7,1.96
LOC018,LOC015,19.42,31.1,2.32
LOC018,LOC016,25.87,40.8,1.28
LOC018,LOC017,23.12,36.7,1.81
LOC018,LOC019,13.48,22.2,1.04
LOC018,LOC020,13.23,21.8,2.2
LOC018,LOC021,8.73,15.1,1.1
LOC018,LOC022,21.53,34.3,2.18
LOC018,LOC023,21.61,34.4,2.38
LOC018,LOC024,21.99,35,2.49
LOC018,LOC025,21.57,34.4,1.39
LOC018,LOC026,28.62,44.9,2.4
LOC018,LOC027,24.05,38.1,2.11
LOC018,LOC028,5.8,10.7,1.48
LOC018,LOC029,28.33,44.5,2.12
LOC018,LOC030,23.25,36.9,1.4
LOC018,LOC031,19.22,30.8,1.61
LOC018,LOC032,14.44,23.7,1.74
LOC018,LOC033,14.95,24.4,1.05
LOC018,LOC034,26.77,42.2,2.07
LOC018,LOC035,1.01,3.5,2.05
LOC018,LOC036,20.35,32.5,2.06
LOC018,LOC037,25.95,40.9,2.34
LOC018,LOC038,24.02,38,1.12
LOC018,LOC039,16.31,26.5,2.36
LOC018,LOC040,32.39,50.6,2.25
LOC019,DEPOT,6.31,11.5,1.84
LOC019,LOC001,4.08,8.1,1.46
LOC019,LOC002,20.27,32.4,1.74
LOC019,LOC003,4.84,9.3,1.8
LOC019,LOC004,15.28,24.9,2.16
LOC019,LOC005,4.88,9.3,2.43
LOC019,LOC006,15.89,25.8,1.37
LOC019,LOC007,9.63,16.4,1.03
LOC019,LOC008,14.98,24.5,2
LOC019,LOC009,13.44,22.2,1.3
LOC019,LOC010,7.97,14,1.86
LOC019,LOC011,12.54,20.8,1.2
LOC019,LOC012,5.81,10.7,2.27
LOC019,LOC013,8.52,14.8,1.33
LOC019,LOC014,17.71,28.6,1.67
LOC019,LOC015,10.27,17.4,1.45
LOC019,LOC016,12.59,20.9,2.42
LOC019,LOC017,9.74,16.6,1.92
LOC019,LOC018,13.48,22.2,1.61
LOC019,LOC020,1.54,4.3,2.04
LOC019,LOC021,12.97,21.5,1.41
LOC019,LOC022,8.08,14.1,1.22
LOC019,LOC023,17.01,27.5,1.12
LOC019,LOC024,9.11,15.7,1.88
LOC019,LOC025,8.42,14.6,1.03
LOC019,LOC026,19.34,31,2.25
LOC019,LOC027,10.94,18.4,1.46
LOC019,LOC028,9.17,15.8,1.47
LOC019,LOC029,20.07,32.1,2.37
LOC019,LOC030,12.36,20.5,1.9
LOC019,LOC031,8.06,14.1,2.43
LOC019,LOC032,7.38,13.1,1.85
LOC019,LOC033,14.99,24.5,1.22
LOC019,LOC034,22.36,35.5,1.29
LOC019,LOC035,12.96,21.4,2.35
LOC019,LOC036,18.78,30.2,1.97
LOC019,LOC037,21.65,34.5,2.25
LOC019,LOC038,10.96,18.4,1.66
LOC019,LOC039,2.86,6.3,1.7
LOC019,LOC040,20.58,32.9,1.12
LOC020,DEPOT,7.77,13.7,1.46
LOC020,LOC001,2.63,5.9,2.43
LOC020,LOC002,21.75,34.6,1.46
LOC020,LOC003,4.17,8.3,2.49
LOC020,LOC004,16.66,27,2.24
LOC020,LOC005,5.69,10.5,1.35
LOC020,LOC006,17.21,27.8,1.4
LOC020,LOC007,8.65,15,2.46
LOC020,LOC008,15.03,24.5,1.49
LOC020,LOC009,13.99,23,2.16
LOC020,LOC010,8.58,14.9,2.04
LOC020,LOC011,13.58,22.4,1.71
LOC020,LOC012,5.4,10.1,1.14
LOC020,LOC013,7.17,12.8,1.35
LOC020,LOC014,19.18,30.8,1.68
LOC020,LOC015,9,15.5,1.13
LOC020,LOC016,13.35,22,1.49
LOC020,LOC017,10.44,17.7,2.49
LOC020,LOC018,13.23,21.8,2.1
LOC020,LOC019,1.54,4.3,1.56
LOC020,LOC021,13.71,22.6,1.37
LOC020,LOC022,8.39,14.6,2.43
LOC020,LOC023,18.52,29.8,2.46
LOC020,LOC024,10.16,17.2,2.28
LOC020,LOC025,8.34,14.5,2.27
LOC020,LOC026,20.82,33.2,1.25
LOC020,LOC027,10.84,18.3,1.87
LOC020,LOC028,9.5,16.2,1.62
LOC020,LOC029,21.58,34.4,1.83
LOC020,LOC030,13.76,22.6,1.04
LOC020,LOC031,7.1,12.7,1.95
LOC020,LOC032,8.84,15.3,1.11
LOC020,LOC033,16.21,26.3,2.46
LOC020,LOC034,23.88,37.8,2.37
LOC020,LOC035,12.81,21.2,1.12
LOC020,LOC036,20.18,32.3,2.29
LOC020,LOC037,23.17,36.8,1.06
LOC020,LOC038,11.88,19.8,1.13
LOC020,LOC039,3.36,7,2.48
LOC020,LOC040,21.77,34.7,1.08
LOC021,DEPOT,13.81,22.7,1.75
LOC021,LOC001,14.25,23.4,1.38
LOC021,LOC002,22.02,35,1.8
LOC021,LOC003,17.77,28.7,2.41
LOC021,LOC004,20.26,32.4,1.68
LOC021,LOC005,16.5,26.8,1.48
LOC021,LOC006,21.71,34.6,1.95
LOC021,LOC007,22.35,35.5,2.06
LOC021,LOC008,6.85,12.3,1.46
LOC021,LOC009,1.99,5,2.34
LOC021,LOC010,5.17,9.8,1.2
LOC021,LOC011,3.08,6.6,2.38
LOC021,LOC012,18.77,30.2,2.27
LOC021,LOC013,15.51,25.3,1.77
LOC021,LOC014,12.67,21,1.39
LOC021,LOC015,22.32,35.5,1.43
LOC021,LOC016,22.92,36.4,1.16
LOC021,LOC017,20.69,33,1.36
LOC021,LOC018,8.73,15.1,2.1
LOC021,LOC019,12.97,21.5,2.32
LOC021,LOC020,13.71,22.6,1.56
LOC021,LOC022,20.27,32.4,2.48
LOC021,LOC023,13.41,22.1,1.16
LOC021,LOC024,18.7,30.1,2.37
LOC021,LOC025,21.13,33.7,1.5
LOC021,LOC026,21.7,34.6,1.16
LOC021,LOC027,23.6,37.4,2.49
LOC021,LOC028,5.14,9.7,2.1
LOC021,LOC029,20.94,33.4,1.12
LOC021,LOC030,17.88,28.8,1.46
LOC021,LOC031,20.81,33.2,1.64
LOC021,LOC032,9.16,15.7,1.91
LOC021,LOC033,6.28,11.4,1.99
LOC021,LOC034,18.28,29.4,1.23
LOC021,LOC035,7.74,13.6,2.49
LOC021,LOC036,11.65,19.5,1.81
LOC021,LOC037,17.47,28.2,1.23
LOC021,LOC038,20.78,33.2,2.38
LOC021,LOC039,15.5,25.2,1.84
LOC021,LOC040,26.97,42.5,1.59
LOC022,DEPOT,7.77,13.7,2.23
LOC022,LOC001,10.33,17.5,2.01
LOC022,LOC002,18.82,30.2,2.48
LOC022,LOC003,5.4,10.1,2.41
LOC022,LOC004,12.76,21.1,1.05
LOC022,LOC005,3.78,7.7,1.19
LOC022,LOC006,12.48,20.7,1.99
LOC022,LOC007,7.5,13.2,1.55
LOC022,LOC008,23.04,36.6,1.18
LOC022,LOC009,21.1,33.7,1.17
LOC022,LOC010,15.69,25.5,1.96
LOC022,LOC011,19.08,30.6,1.77
LOC022,LOC012,4.12,8.2,1.41
LOC022,LOC013,14.53,23.8,2.29
LOC022,LOC014,20.98,33.5,1.18
LOC022,LOC015,9.99,17,1.29
LOC022,LOC016,5.75,10.6,1.59
LOC022,LOC017,3.1,6.7,1.52
LOC022,LOC018,21.53,34.3,2.32
LOC022,LOC019,8.08,14.1,1.37
LOC022,LOC020,8.39,14.6,1.18
LOC022,LOC021,20.27,32.4,2.17
LOC022,LOC023,19.69,31.5,1.24
LOC022,LOC024,5.01,9.5,1.74
LOC022,LOC025,2.05,5.1,2.49
LOC022,LOC026,17.68,28.5,1.33
LOC022,LOC027,3.64,7.5,2.05
LOC022,LOC028,17.13,27.7,1.3
LOC022,LOC029,19.27,30.9,1.52
LOC022,LOC030,10.6,17.9,1.99
LOC022,LOC031,6.71,12.1,2.38
LOC022,LOC032,12.22,20.3,2.47
LOC022,LOC033,20.57,32.9,1.37
LOC022,LOC034,24.18,38.3,2.02
LOC022,LOC035,21.03,33.5,1.45
LOC022,LOC036,22.86,36.3,1.97
LOC022,LOC037,23.64,37.5,1.66
LOC022,LOC038,5.31,10,2.37
LOC022,LOC039,5.22,9.8,2.18
LOC022,LOC040,15.69,25.5,1.41
LOC023,DEPOT,12.21,20.3,1.35
LOC023,LOC001,20.67,33,2.13
LOC023,LOC002,9.77,16.7,1.57
LOC023,LOC003,20.83,33.2,1.01
LOC023,LOC004,11.24,18.9,1.49
LOC023,LOC005,16.73,27.1,2.49
LOC023,LOC006,12.91,21.4,1.78
LOC023,LOC007,25.57,40.4,1.3
LOC023,LOC008,20.23,32.3,1.1
LOC023,LOC009,15.4,25.1,2.36
LOC023,LOC010,14.56,23.8,1.07
LOC023,LOC011,10.35,17.5,2.22
LOC023,LOC012,20.96,33.4,1.82
LOC023,LOC013,24.23,38.3,1.28
LOC023,LOC014,1.78,4.7,2.38
LOC023,LOC015,26.96,42.4,1.82
LOC023,LOC016,18.66,30,2.09
LOC023,LOC017,18.06,29.1,2.34
LOC023,LOC018,21.61,34.4,1.22
LOC023,LOC019,17.01,27.5,1.25
LOC023,LOC020,18.52,29.8,2.46
LOC023,LOC021,13.41,22.1,1.49
LOC023,LOC022,19.69,31.5,1.79
LOC023,LOC024,15.33,25,1.62
LOC023,LOC025,21.52,34.3,1.9
LOC023,LOC026,9.92,16.9,1.01
LOC023,LOC027,23.24,36.9,1.59
LOC023,LOC028,16.23,26.3,1.5
LOC023,LOC029,8.35,14.5,1.78
LOC023,LOC030,10.7,18.1,2.25
LOC023,LOC031,24.12,38.2,1.18
LOC023,LOC032,9.74,16.6,2.33
LOC023,LOC033,7.57,13.4,2.44
LOC023,LOC034,5.5,10.2,1.21
LOC023,LOC035,20.61,32.9,1.29
LOC023,LOC036,4.49,8.7,1.91
LOC023,LOC037,4.73,9.1,1.56
LOC023,LOC038,16.68,27,1.32
LOC023,LOC039,17.66,28.5,1.51
LOC023,LOC040,17.29,27.9,2.04
LOC024,DEPOT,4.9,9.4,2.42
LOC024,LOC001,12.68,21,2.07
LOC024,LOC002,13.83,22.7,1.47
LOC024,LOC003,9.04,15.6,1.22
LOC024,LOC004,7.8,13.7,2.43
LOC024,LOC005,4.57,8.9,1.75
LOC024,LOC006,7.72,13.6,2.29
LOC024,LOC007,12.35,20.5,2.07
LOC024,LOC008,22.85,36.3,2.18
LOC024,LOC009,19.94,31.9,1.73
LOC024,LOC010,14.98,24.5,2.34
LOC024,LOC011,16.85,27.3,1.16
LOC024,LOC012,8.22,14.3,2.32
LOC024,LOC013,17.22,27.8,2.43
LOC024,LOC014,16.78,27.2,1.25
LOC024,LOC015,14.64,24,1.87
LOC024,LOC016,4.22,8.3,1.98
LOC024,LOC017,2.73,6.1,2.19
LOC024,LOC018,21.99,35,2.3
LOC024,LOC019,9.11,15.7,1.26
LOC024,LOC020,10.16,17.2,1.96
LOC024,LOC021,18.7,30.1,1.43
LOC024,LOC022,5.01,9.5,1.96
LOC024,LOC023,15.33,25,1.73
LOC024,LOC025,7.06,12.6,1.3
LOC024,LOC026,12.69,21,1.82
LOC024,LOC027,8.16,14.2,1.06
LOC024,LOC028,16.77,27.2,1.19
LOC024,LOC029,14.26,23.4,1.59
LOC024,LOC030,5.6,10.4,1.78
LOC024,LOC031,11.33,19,2.04
LOC024,LOC032,9.69,16.5,1.56
LOC024,LOC033,17.56,28.3,1.05
LOC024,LOC034,19.45,31.2,1.48
LOC024,LOC035,21.31,34,2.46
LOC024,LOC036,18.93,30.4,1.91
LOC024,LOC037,18.97,30.5,1.56
LOC024,LOC038,2.1,5.2,1.13
LOC024,LOC039,6.95,12.4,1.88
LOC024,LOC040,11.71,19.6,1.9
LOC025,DEPOT,9.42,16.1,2.04
LOC025,LOC001,9.85,16.8,1.68
LOC025,LOC002,20.88,33.3,1.78
LOC025,LOC003,4.61,8.9,1.21
LOC025,LOC004,14.81,24.2,1.4
LOC025,LOC005,5.04,9.6,2.42
LOC025,LOC006,14.5,23.8,2.14
LOC025,LOC007,5.56,10.3,1.76
LOC025,LOC008,23.33,37,1.77
LOC025,LOC009,21.79,34.7,1.13
LOC025,LOC010,16.33,26.5,1.79
LOC025,LOC011,20.2,32.3,1.77
LOC025,LOC012,3.18,6.8,1.72
LOC025,LOC013,13.7,22.6,1.65
LOC025,LOC014,22.74,36.1,1.79
LOC025,LOC015,8.15,14.2,1.61
LOC025,LOC016,7.39,13.1,2.34
LOC025,LOC017,5.03,9.5,2.2
LOC025,LOC018,21.57,34.4,2.43
LOC025,LOC019,8.42,14.6,1.22
LOC025,LOC020,8.34,14.5,1.58
LOC025,LOC021,21.13,33.7,2.11
LOC025,LOC022,2.05,5.1,1.26
LOC025,LOC023,21.52,34.3,2.47
LOC025,LOC024,7.06,12.6,2.28
LOC025,LOC026,19.74,31.6,2.46
LOC025,LOC027,2.52,5.8,1.81
LOC025,LOC028,17.59,28.4,2.31
LOC025,LOC029,21.32,34,2.05
LOC025,LOC030,12.64,21,1.9
LOC025,LOC031,4.97,9.5,1.77
LOC025,LOC032,13.58,22.4,1.14
LOC025,LOC033,21.94,34.9,1.45
LOC025,LOC034,26.12,41.2,1.36
LOC025,LOC035,21.16,33.7,2.47
LOC025,LOC036,24.53,38.8,2.14
LOC025,LOC037,25.56,40.3,1.72
LOC025,LOC038,7.28,12.9,1.51
LOC025,LOC039,5.66,10.5,1.75
LOC025,LOC040,17.52,28.3,2.12
LOC026,DEPOT,13.04,21.6,2.39
LOC026,LOC001,23.42,37.1,1.41
LOC026,LOC002,1.18,3.8,1.62
LOC026,LOC003,21.23,33.8,1.51
LOC026,LOC004,4.96,9.4,1.37
LOC026,LOC005,16.45,26.7,1.26
LOC026,LOC006,5.79,10.7,2.43
LOC026,LOC007,25.02,39.5,1.31
LOC026,LOC008,28.05,44.1,1.07
LOC026,LOC009,23.6,37.4,2.24
LOC026,LOC010,20.86,33.3,1.27
LOC026,LOC011,18.72,30.1,1.85
LOC026,LOC012,20.69,33,1.59
LOC026,LOC013,27.8,43.7,2.1
LOC026,LOC014,11.62,19.4,1.49
LOC026,LOC015,27.19,42.8,2.05
LOC026,LOC016,13.88,22.8,1.23
LOC026,LOC017,14.91,24.4,1.78
LOC026,LOC018,28.62,44.9,2.35
LOC026,LOC019,19.34,31,1.66
LOC026,LOC020,20.82,33.2,1.92
LOC026,LOC021,21.7,34.6,1.91
LOC026,LOC022,17.68,28.5,1.54
LOC026,LOC023,9.92,16.9,1.36
LOC026,LOC024,12.69,21,1.46
LOC026,LOC025,19.74,31.6,2.14
LOC026,LOC027,20.47,32.7,1.49
LOC026,LOC028,22.82,36.2,2.34
LOC026,LOC029,2.37,5.6,1.39
LOC026,LOC030,7.31,13,1
LOC026,LOC031,23.92,37.9,1.2
LOC026,LOC032,14.3,23.5,1.4
LOC026,LOC033,16.88,27.3,1.1
LOC026,LOC034,10.17,17.3,1.35
LOC026,LOC035,27.68,43.5,2.46
LOC026,LOC036,14.32,23.5,1.3
LOC026,LOC037,10.18,17.3,2.31
LOC026,LOC038,12.76,21.1,2.23
LOC026,LOC039,18.44,29.7,1.9
LOC026,LOC040,8.02,14,1.49
LOC027,DEPOT,11.4,19.1,2.17
LOC027,LOC001,12.22,20.3,1.56
LOC027,LOC002,21.63,34.4,1.85
LOC027,LOC003,6.97,12.5,2.01
LOC027,LOC004,15.51,25.3,2.11
LOC027,LOC005,7.29,12.9,1.62
LOC027,LOC006,14.93,24.4,2.13
LOC027,LOC007,6.39,11.6,1.81
LOC027,LOC008,25.84,40.8,2.11
LOC027,LOC009,24.29,38.4,2.41
LOC027,LOC010,18.83,30.2,2.46
LOC027,LOC011,22.58,35.9,1.73
LOC027,LOC012,5.55,10.3,1.68
LOC027,LOC013,15.85,25.8,2.27
LOC027,LOC014,24.57,38.9,1.18
LOC027,LOC015,9.14,15.7,1.27
LOC027,LOC016,7.07,12.6,1.56
LOC027,LOC017,5.6,10.4,1.34
LOC027,LOC018,24.05,38.1,2.12
LOC027,LOC019,10.94,18.4,1.65
LOC027,LOC020,10.84,18.3,1.09
LOC027,LOC021,23.6,37.4,1.3
LOC027,LOC022,3.64,7.5,1.66
LOC027,LOC023,23.24,36.9,1.09
LOC027,LOC024,8.16,14.2,1.24
LOC027,LOC025,2.52,5.8,1.88
LOC027,LOC026,20.47,32.7,2.18
LOC027,LOC028,20.11,32.2,1.96
LOC027,LOC029,22.24,35.4,1.66
LOC027,LOC030,13.71,22.6,1.55
LOC027,LOC031,6.4,11.6,1.76
LOC027,LOC032,15.82,25.7,1.73
LOC027,LOC033,24.18,38.3,2.38
LOC027,LOC034,27.59,43.4,1.74
LOC027,LOC035,23.66,37.5,2.12
LOC027,LOC036,26.49,41.7,1.84
LOC027,LOC037,27.08,42.6,1.62
LOC027,LOC038,7.71,13.6,1.66
LOC027,LOC039,8.17,14.3,2.43
LOC027,LOC040,17.24,27.9,2.34
LOC028,DEPOT,12.19,20.3,2.16
LOC028,LOC001,9.48,16.2,1.49
LOC028,LOC002,23.38,37.1,2.36
LOC028,LOC003,13.67,22.5,1.42
LOC028,LOC004,20.29,32.4,2.16
LOC028,LOC005,13.55,22.3,1.52
LOC028,LOC006,21.49,34.2,2.46
LOC028,LOC007,17.91,28.9,1.29
LOC028,LOC008,6.08,11.1,2.32
LOC028,LOC009,4.69,9,2.44
LOC028,LOC010,1.99,5,1.32
LOC028,LOC011,6.81,12.2,1.25
LOC028,LOC012,14.86,24.3,2.3
LOC028,LOC013,10.37,17.6,2.39
LOC028,LOC014,15.97,26,2.3
LOC028,LOC015,17.57,28.4,1.77
LOC028,LOC016,20.82,33.2,1.27
LOC028,LOC017,18.23,29.3,2.44
LOC028,LOC018,5.8,10.7,2.16
LOC028,LOC019,9.17,15.8,2.17
LOC028,LOC020,9.5,16.2,1.82
LOC028,LOC021,5.14,9.7,1.37
LOC028,LOC022,17.13,27.7,2
LOC028,LOC023,16.23,26.3,2.24
LOC028,LOC024,16.77,27.2,1.84
LOC028,LOC025,17.59,28.4,1.49
LOC028,LOC026,22.82,36.2,1.28
LOC028,LOC027,20.11,32.2,1.82
LOC028,LOC029,22.58,35.9,1.36
LOC028,LOC030,17.53,28.3,1.72
LOC028,LOC031,16.42,26.6,1.72
LOC028,LOC032,8.65,15,2.38
LOC028,LOC033,10.37,17.6,1.65
LOC028,LOC034,21.57,34.4,2.35
LOC028,LOC035,4.9,9.4,1.69
LOC028,LOC036,15.64,25.5,1.98
LOC028,LOC037,20.76,33.1,1.22
LOC028,LOC038,18.85,30.3,1.33
LOC028,LOC039,11.98,20,1.1
LOC028,LOC040,26.71,42.1,1.88
LOC029,DEPOT,13.87,22.8,2.15
LOC029,LOC001,24.14,38.2,2.14
LOC029,LOC002,1.58,4.4,1.55
LOC029,LOC003,22.42,35.6,2.45
LOC029,LOC004,6.84,12.3,1.79
LOC029,LOC005,17.66,28.5,2.05
LOC029,LOC006,7.94,13.9,2.1
LOC029,LOC007,26.44,41.7,1.05
LOC029,LOC008,27.51,43.3,1.19
LOC029,LOC009,22.89,36.3,1.11
LOC029,LOC010,20.66,33,2.45
LOC029,LOC011,17.9,28.8,1.96
LOC029,LOC012,22,35,1.35
LOC029,LOC013,28.39,44.6,1.23
LOC029,LOC014,9.94,16.9,1.1
LOC029,LOC015,28.49,44.7,2.35
LOC029,LOC016,15.88,25.8,1.75
LOC029,LOC017,16.65,27,1.65
LOC029,LOC018,28.33,44.5,1.34
LOC029,LOC019,20.07,32.1,2.09
LOC029,LOC020,21.58,34.4,2.07
LOC029,LOC021,20.94,33.4,2.24
LOC029,LOC022,19.27,30.9,1.93
LOC029,LOC023,8.35,14.5,1.33
LOC029,LOC024,14.26,23.4,1.46
LOC029,LOC025,21.32,34,2.23
LOC029,LOC026,2.37,5.6,1.16
LOC029,LOC027,22.24,35.4,1.99
LOC029,LOC028,22.58,35.9,2.41
LOC029,LOC030,8.69,15,2.49
LOC029,LOC031,25.26,39.9,1.8
LOC029,LOC032,14.33,23.5,2.11
LOC029,LOC033,15.69,25.5,1.7
LOC029,LOC034,7.86,13.8,1.19
LOC029,LOC035,27.36,43,2.28
LOC029,LOC036,12.55,20.8,2.19
LOC029,LOC037,7.92,13.9,2.09
LOC029,LOC038,14.58,23.9,1.45
LOC029,LOC039,19.48,31.2,1.25
LOC029,LOC040,10.36,17.5,2.48
LOC030,DEPOT,6.12,11.2,1.76
LOC030,LOC001,16.39,26.6,2.15
LOC030,LOC002,8.39,14.6,1.06
LOC030,LOC003,13.92,22.9,1.33
LOC030,LOC004,2.94,6.4,2.19
LOC030,LOC005,9.14,15.7,2.02
LOC030,LOC006,3.95,7.9,2.17
LOC030,LOC007,17.77,28.7,1.92
LOC030,LOC008,23.35,37,2.01
LOC030,LOC009,19.52,31.3,1.96
LOC030,LOC010,15.55,25.3,1.6
LOC030,LOC011,15.35,25,2.02
LOC030,LOC012,13.39,22.1,2.42
LOC030,LOC013,20.88,33.3,1.37
LOC030,LOC014,12.36,20.5,2.4
LOC030,LOC015,19.89,31.8,2.02
LOC030,LOC016,8.06,14.1,1.95
LOC030,LOC017,8.13,14.2,1.34
LOC030,LOC018,23.25,36.9,1.37
LOC030,LOC019,12.36,20.5,2.14
LOC030,LOC020,13.76,22.6,2.19
LOC030,LOC021,17.88,28.8,1.45
LOC030,LOC022,10.6,17.9,1.68
LOC030,LOC023,10.7,18.1,1.1
LOC030,LOC024,5.6,10.4,1.55
LOC030,LOC025,12.64,21,2
LOC030,LOC026,7.31,13,2.29
LOC030,LOC027,13.71,22.6,2.01
LOC030,LOC028,17.53,28.3,1.27
LOC030,LOC029,8.69,15,1.72
LOC030,LOC031,16.63,26.9,1.96
LOC030,LOC032,9,15.5,1.44
LOC030,LOC033,14.91,24.4,1.36
LOC030,LOC034,14.14,23.2,1.14
LOC030,LOC035,22.41,35.6,2.1
LOC030,LOC036,14.84,24.3,1.23
LOC030,LOC037,13.74,22.6,2.08
LOC030,LOC038,6.29,11.4,1.42
LOC030,LOC039,11.18,18.8,2.45
LOC030,LOC040,9.21,15.8,2.14
LOC031,DEPOT,12.03,20,1.29
LOC031,LOC001,7.19,12.8,2.12
LOC031,LOC002,25.02,39.5,2.42
LOC031,LOC003,3.36,7,2.48
LOC031,LOC004,19.11,30.7,2.22
LOC031,LOC005,7.67,13.5,1.31
LOC031,LOC006,19.03,30.5,1.2
LOC031,LOC007,1.57,4.4,1.33
LOC031,LOC008,21.5,34.2,1.12
LOC031,LOC009,21.01,33.5,2.15
LOC031,LOC010,15.66,25.5,2.38
LOC031,LOC011,20.6,32.9,2.07
LOC031,LOC012,3.28,6.9,1.4
LOC031,LOC013,9.86,16.8,1.11
LOC031,LOC014,25.09,39.6,2.25
LOC031,LOC015,3.31,7,2.13
LOC031,LOC016,12.35,20.5,1.08
LOC031,LOC017,9.81,16.7,1.1
LOC031,LOC018,19.22,30.8,2.43
LOC031,LOC019,8.06,14.1,2.4
LOC031,LOC020,7.1,12.7,1.92
LOC031,LOC021,20.81,33.2,2.39
LOC031,LOC022,6.71,12.1,1.77
LOC031,LOC023,24.12,38.2,1.16
LOC031,LOC024,11.33,19,1.86
LOC031,LOC025,4.97,9.5,1.5
LOC031,LOC026,23.92,37.9,2.27
LOC031,LOC027,6.4,11.6,1.51
LOC031,LOC028,16.42,26.6,2.47
LOC031,LOC029,25.26,39.9,1.73
LOC031,LOC030,16.63,26.9,2.05
LOC031,LOC032,15.03,24.5,1.73
LOC031,LOC033,23.01,36.5,2.32
LOC031,LOC034,29.15,45.7,1.41
LOC031,LOC035,19.03,30.5,1.12
LOC031,LOC036,26.48,41.7,2.07
LOC031,LOC037,28.52,44.8,2.47
LOC031,LOC038,12.01,20,1.14
LOC031,LOC039,6.49,11.7,2.08
LOC031,LOC040,22.4,35.6,2.14
LOC032,DEPOT,4.83,9.2,2.48
LOC032,LOC001,10.93,18.4,2.37
LOC032,LOC002,14.96,24.4,1.61
LOC032,LOC003,11.67,19.5,1.16
LOC032,LOC004,11.67,19.5,2.32
LOC032,LOC005,8.55,14.8,1.61
LOC032,LOC006,12.94,21.4,1.1
LOC032,LOC007,16.56,26.8,1.27
LOC032,LOC008,14.34,23.5,1.64
LOC032,LOC009,10.62,17.9,1.47
LOC032,LOC010,6.66,12,2.27
LOC032,LOC011,7.16,12.7,1.01
LOC032,LOC012,12.13,20.2,1.67
LOC032,LOC013,14.62,23.9,2.32
LOC032,LOC014,10.34,17.5,1.69
LOC032,LOC015,17.57,28.4,1.96
LOC032,LOC016,13.91,22.9,1.92
LOC032,LOC017,11.94,19.9,1.91
LOC032,LOC018,14.44,23.7,1.58
LOC032,LOC019,7.38,13.1,1.2
LOC032,LOC020,8.84,15.3,1.95
LOC032,LOC021,9.16,15.7,1.93
LOC032,LOC022,12.22,20.3,1.28
LOC032,LOC023,9.74,16.6,1.8
LOC032,LOC024,9.69,16.5,1.82
LOC032,LOC025,13.58,22.4,1.72
LOC032,LOC026,14.3,23.5,1.35
LOC032,LOC027,15.82,25.7,1.16
LOC032,LOC028,8.65,15,1.93
LOC032,LOC029,14.33,23.5,1.76
LOC032,LOC030,9,15.5,1.4
LOC032,LOC031,15.03,24.5,1.13
LOC032,LOC033,8.36,14.5,2.15
LOC032,LOC034,15.19,24.8,2.02
LOC032,LOC035,13.55,22.3,1.02
LOC032,LOC036,11.47,19.2,1.89
LOC032,LOC037,14.45,23.7,2.49
LOC032,LOC038,11.74,19.6,1.36
LOC032,LOC039,8.61,14.9,1.79
LOC032,LOC040,18.21,29.3,1.25
LOC033,DEPOT,12.97,21.5,2.04
LOC033,LOC001,17.63,28.4,1.74
LOC033,LOC002,16.97,27.5,1.42
LOC033,LOC003,19.69,31.5,2.19
LOC033,LOC004,16.64,27,1.68
LOC033,LOC005,16.91,27.4,1.24
LOC033,LOC006,18.27,29.4,1.44
LOC033,LOC007,24.57,38.9,1.08
LOC033,LOC008,13.08,21.6,2.44
LOC033,LOC009,8.21,14.3,2.26
LOC033,LOC010,9.28,15.9,1.81
LOC033,LOC011,3.57,7.4,1.63
LOC033,LOC012,20.32,32.5,1.71
LOC033,LOC013,20.09,32.1,2.44
LOC033,LOC014,6.54,11.8,1.12
LOC033,LOC015,25.21,39.8,1.95
LOC033,LOC016,21.63,34.4,2.49
LOC033,LOC017,20.04,32.1,1.94
LOC033,LOC018,14.95,24.4,2.49
LOC033,LOC019,14.99,24.5,2.39
LOC033,LOC020,16.21,26.3,1.5
LOC033,LOC021,6.28,11.4,1.29
LOC033,LOC022,20.57,32.9,2.31
LOC033,LOC023,7.57,13.4,1.35
LOC033,LOC024,17.56,28.3,2.1
LOC033,LOC025,21.94,34.9,2.34
LOC033,LOC026,16.88,27.3,2.14
LOC033,LOC027,24.18,38.3,2.29
LOC033,LOC028,10.37,17.6,2.48
LOC033,LOC029,15.69,25.5,1.96
LOC033,LOC030,14.91,24.4,1.25
LOC033,LOC031,23.01,36.5,1.86
LOC033,LOC032,8.36,14.5,2.15
LOC033,LOC034,12.06,20.1,2.48
LOC033,LOC035,13.95,22.9,1.03
LOC033,LOC036,5.4,10.1,1.21
LOC033,LOC037,11.26,18.9,1.7
LOC033,LOC038,19.44,31.2,1.85
LOC033,LOC039,16.79,27.2,1.65
LOC033,LOC040,23.3,37,1.75
LOC034,DEPOT,17.13,27.7,1.31
LOC034,LOC001,26.11,41.2,1.99
LOC034,LOC002,9.41,16.1,1.88
LOC034,LOC003,25.93,40.9,2.29
LOC034,LOC004,13.56,22.3,1.89
LOC034,LOC005,21.59,34.4,1.16
LOC034,LOC006,15.04,24.6,1.09
LOC034,LOC007,30.55,47.8,2.31
LOC034,LOC008,25.12,39.7,2.38
LOC034,LOC009,20.24,32.4,1.66
LOC034,LOC010,19.97,32,1.32
LOC034,LOC011,15.32,25,2.34
LOC034,LOC012,25.92,40.9,1.48
LOC034,LOC013,29.73,46.6,2.26
LOC034,LOC014,5.64,10.5,1.3
LOC034,LOC015,32.11,50.2,2.04
LOC034,LOC016,22.16,35.2,2.36
LOC034,LOC017,22.14,35.2,2.27
LOC034,LOC018,26.77,42.2,1.47
LOC034,LOC019,22.36,35.5,1.77
LOC034,LOC020,23.88,37.8,1.14
LOC034,LOC021,18.28,29.4,2.11
LOC034,LOC022,24.18,38.3,2.38
LOC034,LOC023,5.5,10.2,1.22
LOC034,LOC024,19.45,31.2,2.08
LOC034,LOC025,26.12,41.2,1.3
LOC034,LOC026,10.17,17.3,2.22
LOC034,LOC027,27.59,43.4,1.7
LOC034,LOC028,21.57,34.4,2.45
LOC034,LOC029,7.86,13.8,1.74
LOC034,LOC030,14.14,23.2,2.28
LOC034,LOC031,29.15,45.7,1.3
LOC034,LOC032,15.19,24.8,1.87
LOC034,LOC033,12.06,20.1,2.14
LOC034,LOC035,25.76,40.6,1.69
LOC034,LOC036,7.06,12.6,2.2
LOC034,LOC037,0.81,3.2,1.59
LOC034,LOC038,20.43,32.6,2.16
LOC034,LOC039,22.77,36.2,1.83
LOC034,LOC040,18.19,29.3,1.49
LOC035,DEPOT,16.92,27.4,1.14
LOC035,LOC001,11.84,19.8,1.2
LOC035,LOC002,28.22,44.3,1.3
LOC035,LOC003,16.82,27.2,1.04
LOC035,LOC004,25.18,39.8,2.14
LOC035,LOC005,17.7,28.6,1.77
LOC035,LOC006,26.36,41.5,2.35
LOC035,LOC007,20.37,32.6,1.16
LOC035,LOC008,2.73,6.1,2.45
LOC035,LOC009,6.04,11.1,1.44
LOC035,LOC010,6.89,12.3,1.89
LOC035,LOC011,10.48,17.7,1.03
LOC035,LOC012,18.16,29.2,1.78
LOC035,LOC013,10.7,18.1,1.7
LOC035,LOC014,20.12,32.2,1.98
LOC035,LOC015,19.4,31.1,2.09
LOC035,LOC016,25.24,39.9,2.49
LOC035,LOC017,22.52,35.8,1.57
LOC035,LOC018,1.01,3.5,2.17
LOC035,LOC019,12.96,21.4,1.07
LOC035,LOC020,12.81,21.2,1.2
LOC035,LOC021,7.74,13.6,1.9
LOC035,LOC022,21.03,33.5,1.72
LOC035,LOC023,20.61,32.9,1.24
LOC035,LOC024,21.31,34,1.14
LOC035,LOC025,21.16,33.7,2.43
LOC035,LOC026,27.68,43.5,2.02
LOC035,LOC027,23.66,37.5,1.94
LOC035,LOC028,4.9,9.4,1.14
LOC035,LOC029,27.36,43,2.33
LOC035,LOC030,22.41,35.6,2
LOC035,LOC031,19.03,30.5,2.49
LOC035,LOC032,13.55,22.3,1.14
LOC035,LOC033,13.95,22.9,1.6
LOC035,LOC034,25.76,40.6,1.83
LOC035,LOC036,19.35,31,1.72
LOC035,LOC037,24.95,39.4,1.03
LOC035,LOC038,23.36,37,1.8
LOC035,LOC039,15.81,25.7,2.12
LOC035,LOC040,31.57,49.4,2.06
LOC036,DEPOT,15.12,24.7,2.06
LOC036,LOC001,21.97,35,2.08
LOC036,LOC002,14.05,23.1,1.25
LOC036,LOC003,23.12,36.7,2.07
LOC036,LOC004,15.66,25.5,1.2
LOC036,LOC005,19.55,31.3,1.17
LOC036,LOC006,17.34,28,1.75
LOC036,LOC007,28,44,1.39
LOC036,LOC008,18.4,29.6,1.34
LOC036,LOC009,13.55,22.3,1.14
LOC036,LOC010,14.36,23.5,2.22
LOC036,LOC011,8.93,15.4,1.49
LOC036,LOC012,23.49,37.2,1.4
LOC036,LOC013,24.92,39.4,1.39
LOC036,LOC014,2.72,6.1,1.92
LOC036,LOC015,29.03,45.5,1.54
LOC036,LOC016,22.57,35.9,2.43
LOC036,LOC017,21.63,34.4,1.84
LOC036,LOC018,20.35,32.5,1.91
LOC036,LOC019,18.78,30.2,2.23
LOC036,LOC020,20.18,32.3,1.59
LOC036,LOC021,11.65,19.5,1.43
LOC036,LOC022,22.86,36.3,2.4
LOC036,LOC023,4.49,8.7,1.61
LOC036,LOC024,18.93,30.4,2.44
LOC036,LOC025,24.53,38.8,1.85
LOC036,LOC026,14.32,23.5,2.1
LOC036,LOC027,26.49,41.7,2.31
LOC036,LOC028,15.64,25.5,1.4
LOC036,LOC029,12.55,20.8,2.49
LOC036,LOC030,14.84,24.3,1.18
LOC036,LOC031,26.48,41.7,1.43
LOC036,LOC032,11.47,19.2,1.2
LOC036,LOC033,5.4,10.1,1.25
LOC036,LOC034,7.06,12.6,2.09
LOC036,LOC035,19.35,31,1.44
LOC036,LOC037,6.32,11.5,1.1
LOC036,LOC038,20.5,32.8,1.68
LOC036,LOC039,20.02,32,1.17
LOC036,LOC040,21.78,34.7,2.28
LOC037,DEPOT,16.5,26.8,1.08
LOC037,LOC001,25.37,40.1,2.16
LOC037,LOC002,9.49,16.2,1.55
LOC037,LOC003,25.28,39.9,1.37
LOC037,LOC004,13.31,22,1.11
LOC037,LOC005,20.98,33.5,1.11
LOC037,LOC006,14.83,24.2,1.51
LOC037,LOC007,29.93,46.9,1.62
LOC037,LOC008,24.31,38.5,2.36
LOC037,LOC009,19.44,31.2,1.88
LOC037,LOC010,19.17,30.8,1.61
LOC037,LOC011,14.51,23.8,1.21
LOC037,LOC012,25.3,40,2.22
LOC037,LOC013,28.96,45.4,1.29
LOC037,LOC014,4.83,9.2,1.61
LOC037,LOC015,31.45,49.2,1.21
LOC037,LOC016,21.78,34.7,1.75
LOC037,LOC017,21.67,34.5,1.69
LOC037,LOC018,25.95,40.9,1.35
LOC037,LOC019,21.65,34.5,1.73
LOC037,LOC020,23.17,36.8,1.32
LOC037,LOC021,17.47,28.2,1.83
LOC037,LOC022,23.64,37.5,2.32
LOC037,LOC023,4.73,9.1,2.32
LOC037,LOC024,18.97,30.5,1.59
LOC037,LOC025,25.56,40.3,1.53
LOC037,LOC026,10.18,17.3,1.96
LOC037,LOC027,27.08,42.6,1.75
LOC037,LOC028,20.76,33.1,1.3
LOC037,LOC029,7.92,13.9,1.54
LOC037,LOC030,13.74,22.6,2.01
LOC037,LOC031,28.52,44.8,1.19
LOC037,LOC032,14.45,23.7,2.12
LOC037,LOC033,11.26,18.9,1.65
LOC037,LOC034,0.81,3.2,1.24
LOC037,LOC035,24.95,39.4,1.02
LOC037,LOC036,6.32,11.5,1.33
LOC037,LOC038,20.01,32,1.3
LOC037,LOC039,22.11,35.2,2.01
LOC037,LOC040,18.19,29.3,2.37
LOC038,DEPOT,6.98,12.5,2.15
LOC038,LOC001,14.31,23.5,1.63
LOC038,LOC002,13.93,22.9,1.42
LOC038,LOC003,10.18,17.3,1.22
LOC038,LOC004,7.81,13.7,2.02
LOC038,LOC005,6.18,11.3,1.19
LOC038,LOC006,7.27,12.9,2.09
LOC038,LOC007,12.81,21.2,1.02
LOC038,LOC008,24.93,39.4,1.22
LOC038,LOC009,22.03,35,2.12
LOC038,LOC010,17.07,27.6,2.27
LOC038,LOC011,18.88,30.3,2.37
LOC038,LOC012,9.14,15.7,1.54
LOC038,LOC013,18.8,30.2,2.42
LOC038,LOC014,18.22,29.3,2.48
LOC038,LOC015,15.3,25,1.71
LOC038,LOC016,2.19,5.3,1.3
LOC038,LOC017,2.25,5.4,2.07
LOC038,LOC018,24.02,38,1.04
LOC038,LOC019,10.96,18.4,2.14
LOC038,LOC020,11.88,19.8,2.19
LOC038,LOC021,20.78,33.2,1.56
LOC038,LOC022,5.31,10,1.32
LOC038,LOC023,16.68,27,1.26
LOC038,LOC024,2.1,5.2,1.24
LOC038,LOC025,7.28,12.9,1.88
LOC038,LOC026,12.76,21.1,1.88
LOC038,LOC027,7.71,13.6,1.12
LOC038,LOC028,18.85,30.3,1.2
LOC038,LOC029,14.58,23.9,1.5
LOC038,LOC030,6.29,11.4,1.47
LOC038,LOC031,12.01,20,2.39
LOC038,LOC032,11.74,19.6,1.25
LOC038,LOC033,19.44,31.2,1.63
LOC038,LOC034,20.43,32.6,2.09
LOC038,LOC035,23.36,37,2.3
LOC038,LOC036,20.5,32.8,1.4
LOC038,LOC037,20.01,32,1.15
LOC038,LOC039,8.57,14.9,1.99
LOC038,LOC040,10.46,17.7,1.67
LOC039,DEPOT,5.74,10.6,2.35
LOC039,LOC001,5.75,10.6,1.26
LOC039,LOC002,19.46,31.2,2.07
LOC039,LOC003,3.17,6.8,1.31
LOC039,LOC004,13.98,23,2.18
LOC039,LOC005,2.4,5.6,2.14
LOC039,LOC006,14.33,23.5,1.78
LOC039,LOC007,7.99,14,1.5
LOC039,LOC008,17.83,28.7,1.32
LOC039,LOC009,16.13,26.2,1.62
LOC039,LOC010,10.66,18,1.98
LOC039,LOC011,14.73,24.1,1.44
LOC039,LOC012,3.54,7.3,2.45
LOC039,LOC013,10.28,17.4,1.04
LOC039,LOC014,18.6,29.9,1.6
LOC039,LOC015,9.34,16,2.47
LOC039,LOC016,9.99,17,1.79
LOC039,LOC017,7.08,12.6,1.26
LOC039,LOC018,16.31,26.5,1.31
LOC039,LOC019,2.86,6.3,1.28
LOC039,LOC020,3.36,7,1.79
LOC039,LOC021,15.5,25.2,1.73
LOC039,LOC022,5.22,9.8,1.07
LOC039,LOC023,17.66,28.5,1.86
LOC039,LOC024,6.95,12.4,1.41
LOC039,LOC025,5.66,10.5,1.29
LOC039,LOC026,18.44,29.7,1.37
LOC039,LOC027,8.17,14.3,1.92
LOC039,LOC028,11.98,20,1.4
LOC039,LOC029,19.48,31.2,2.24
LOC039,LOC030,11.18,18.8,1.59
LOC039,LOC031,6.49,11.7,1.91
LOC039,LOC032,8.61,14.9,2.4
LOC039,LOC033,16.79,27.2,2.08
LOC039,LOC034,22.77,36.2,1.01
LOC039,LOC035,15.81,25.7,2.39
LOC039,LOC036,20.02,32,1.13
LOC039,LOC037,22.11,35.2,1.68
LOC039,LOC038,8.57,14.9,1.99
LOC039,LOC040,18.65,30,1.37
LOC040,DEPOT,14.85,24.3,1.49
LOC040,LOC001,24.34,38.5,1.79
LOC040,LOC002,8.86,15.3,2.16
LOC040,LOC003,20.61,32.9,1.47
LOC040,LOC004,6.74,12.1,2.24
LOC040,LOC005,16.27,26.4,2.19
LOC040,LOC006,5.28,9.9,1.6
LOC040,LOC007,23.07,36.6,1.12
LOC040,LOC008,32.55,50.8,1.68
LOC040,LOC009,28.66,45,1.42
LOC040,LOC010,24.74,39.1,1.29
LOC040,LOC011,24.29,38.4,1.07
LOC040,LOC012,19.6,31.4,1.27
LOC040,LOC013,28.9,45.4,2.09
LOC040,LOC014,19.06,30.6,2.39
LOC040,LOC015,25.66,40.5,1.34
LOC040,LOC016,10.21,17.3,1.64
LOC040,LOC017,12.59,20.9,1.49
LOC040,LOC018,32.39,50.6,2.23
LOC040,LOC019,20.58,32.9,2.07
LOC040,LOC020,21.77,34.7,1.21
LOC040,LOC021,26.97,42.5,1.03
LOC040,LOC022,15.69,25.5,1.5
LOC040,LOC023,17.29,27.9,2.5
LOC040,LOC024,11.71,19.6,1.11
LOC040,LOC025,17.52,28.3,1.55
LOC040,LOC026,8.02,14,1.35
LOC040,LOC027,17.24,27.9,2.36
LOC040,LOC028,26.71,42.1,1.04
LOC040,LOC029,10.36,17.5,1.61
LOC040,LOC030,9.21,15.8,2.13
LOC040,LOC031,22.4,35.6,1.42
LOC040,LOC032,18.21,29.3,2.34
LOC040,LOC033,23.3,37,1.53
LOC040,LOC034,18.19,29.3,1.15
LOC040,LOC035,31.57,49.4,2.37
LOC040,LOC036,21.78,34.7,1.56
LOC040,LOC037,18.19,29.3,1.68
LOC040,LOC038,10.46,17.7,2.08
LOC040,LOC039,18.65,30,1.9
